policy,bucket,file,path,total_s,sample_count,estimated_saving_pct,sample_cv_pct,error,encode_s,extract_s,ffprobe_s,calls
2x15,anime,S01E01 About the Time I First Met Her.mp4,C:/Users/scott/Downloads/Anime\3D Kanojo Real Girl\S01E01 About the Time I First Met Her.mp4,8.661,2,5,2.0,,8.514,0.075,0.07,6
2x15,anime,S01E02 About the Time My Chastity was in a Predicament.mp4,C:/Users/scott/Downloads/Anime\3D Kanojo Real Girl\S01E02 About the Time My Chastity was in a Predicament.mp4,9.107,2,13,9.2,,8.958,0.077,0.069,6
2x15,anime,S01E03 About the Time Normies Made Me Even Worse.mp4,C:/Users/scott/Downloads/Anime\3D Kanojo Real Girl\S01E03 About the Time Normies Made Me Even Worse.mp4,7.97,2,3,0.2,,7.835,0.068,0.065,6
2x15,anime,S01E05 About When I Tried to Make Summer Memories.mp4,C:/Users/scott/Downloads/Anime\3D Kanojo Real Girl\S01E05 About When I Tried to Make Summer Memories.mp4,7.265,2,1,0.6,,7.124,0.07,0.069,6
2x15,anime,S01E06 About the Way I Apologize.mp4,C:/Users/scott/Downloads/Anime\3D Kanojo Real Girl\S01E06 About the Way I Apologize.mp4,7.126,2,1,0.4,,6.999,0.066,0.059,6
2x15,non_anime,XXXtreme ComiXXX- Supergirl Ultimate Humiliation.mp4,N:/Videos/Move/Mattie Borders/Videos/XXXtreme ComiXXX- Supergirl Ultimate Humiliation.mp4,3.166,2,10,2.3,,3.056,0.055,0.053,6
2x15,non_anime,SexuallyBroken - Matt Williams.mp4,N:/Videos/Move/Mattie Borders/Videos/SexuallyBroken - Matt Williams.mp4,3.805,2,3,4.6,,3.699,0.054,0.05,6
2x15,non_anime,SexuallyBroken - Matt Williams - Jack Hammer.mp4,N:/Videos/Move/Mattie Borders/Videos/SexuallyBroken - Matt Williams - Jack Hammer.mp4,4.373,2,13,13.4,,4.274,0.051,0.047,6
2x15,non_anime,So Young 2.mp4,N:/Videos/Move/Mattie Borders/Videos/So Young 2.mp4,3.856,2,9,3.3,,3.738,0.061,0.055,6
2x15,non_anime,Petite Chicks Stretched by Black Monster Dicks 3.mp4,N:/Videos/Move/Mattie Borders/Videos/Petite Chicks Stretched by Black Monster Dicks 3.mp4,4.253,2,2,2.5,,4.14,0.057,0.054,6
5x10,anime,S01E01 About the Time I First Met Her.mp4,C:/Users/scott/Downloads/Anime\3D Kanojo Real Girl\S01E01 About the Time I First Met Her.mp4,16.094,5,3,2.2,,15.837,0.185,0.067,12
5x10,anime,S01E02 About the Time My Chastity was in a Predicament.mp4,C:/Users/scott/Downloads/Anime\3D Kanojo Real Girl\S01E02 About the Time My Chastity was in a Predicament.mp4,16.621,5,5,8.6,,16.384,0.171,0.062,12
5x10,anime,S01E03 About the Time Normies Made Me Even Worse.mp4,C:/Users/scott/Downloads/Anime\3D Kanojo Real Girl\S01E03 About the Time Normies Made Me Even Worse.mp4,15.839,5,3,6.7,,15.596,0.176,0.063,12
5x10,anime,S01E05 About When I Tried to Make Summer Memories.mp4,C:/Users/scott/Downloads/Anime\3D Kanojo Real Girl\S01E05 About When I Tried to Make Summer Memories.mp4,16.308,5,2,1.4,,16.045,0.191,0.068,12
5x10,anime,S01E06 About the Way I Apologize.mp4,C:/Users/scott/Downloads/Anime\3D Kanojo Real Girl\S01E06 About the Way I Apologize.mp4,15.884,5,3,1.0,,15.641,0.181,0.059,12
5x10,non_anime,XXXtreme ComiXXX- Supergirl Ultimate Humiliation.mp4,N:/Videos/Move/Mattie Borders/Videos/XXXtreme ComiXXX- Supergirl Ultimate Humiliation.mp4,6.875,5,9,5.9,,6.68,0.142,0.05,12
5x10,non_anime,SexuallyBroken - Matt Williams.mp4,N:/Videos/Move/Mattie Borders/Videos/SexuallyBroken - Matt Williams.mp4,9.053,5,14,11.3,,8.857,0.144,0.049,12
5x10,non_anime,SexuallyBroken - Matt Williams - Jack Hammer.mp4,N:/Videos/Move/Mattie Borders/Videos/SexuallyBroken - Matt Williams - Jack Hammer.mp4,10.237,5,9,11.7,,9.573,0.612,0.049,12
5x10,non_anime,So Young 2.mp4,N:/Videos/Move/Mattie Borders/Videos/So Young 2.mp4,7.868,5,10,6.7,,7.455,0.355,0.055,12
5x10,non_anime,Petite Chicks Stretched by Black Monster Dicks 3.mp4,N:/Videos/Move/Mattie Borders/Videos/Petite Chicks Stretched by Black Monster Dicks 3.mp4,9.434,5,4,3.6,,9.027,0.344,0.06,12
